id,description
T001,SWIGGY BANGALORE
T002,ZOMATO ONLINE ORDER
T003,BIGBASKET SUPERMARKET
T004,DMART AVENUE PVT LTD
T005,UBER TRIP 0412
T006,OLA CABS RIDE
T007,IRCTC TRAIN TICKET
T008,INDIAN OIL PETROL PUMP
T009,BESCOM ELECTRICITY BILL
T010,AIRTEL POSTPAID BILL
T011,ACT FIBERNET BROADBAND
T012,AMAZON IN ORDER 7781
T013,FLIPKART INTERNET PVT
T014,MYNTRA DESIGNS
T015,SALARY CREDIT ACME LTD
T016,INTEREST CREDIT SB ACCT
T017,UPI/RAHUL SHARMA/PAYMENT
T018,NEFT TO SELF HDFC
T019,IMPS P2P TRANSFER
T020,SMS CHARGES GST
T021,ATM WITHDRAWAL CHARGE
T022,ANNUAL DEBIT CARD FEE
T023,NETFLIX SUBSCRIPTION
T024,BOOKMYSHOW TICKETS
T025,SPOTIFY INDIA
T026,APOLLO PHARMACY
T027,PRACTO CONSULTATION
T028,1MG TECHNOLOGIES
T029,STARBUCKS COFFEE
T030,RELIANCE FRESH
T031,PVR CINEMAS
T032,CRED RENT PAYMENT
T033,LIC PREMIUM DEBIT
T034,UPI/GROCERY STORE/PAY
T035,PHONEPE RECHARGE AIRTEL
T036,AMAZON PRIME MEMBERSHIP
T037,HP PETROL STATION
T038,REFUND AMAZON ORDER
T039,SWIGGY INSTAMART
T040,UNKNOWN MERCHANT 4521
